1	6	BND
1	3	BND
1	3	BND
1	1	DEL
1	3	BND
1	6	BND
1	15	BND
1	8	BND
1	8	BND
1	1	DEL
1	1	INV
1	1	INV
2	12	BND
2	2	DEL
2	2	INV
2	X	BND
2	10	BND
2	X	BND
3	3	DUP
3	1	BND
3	1	BND
3	3	DUP
3	3	DEL
3	1	BND
3	X	BND
3	7	BND
3	3	INV
3	3	INV
3	3	DEL
3	3	DEL
3	3	INV
4	4	DEL
4	4	INV
4	4	INV
4	4	INV
4	4	INV
4	18	BND
4	18	BND
4	6	BND
4	4	INV
4	4	INV
4	4	INV
4	4	INV
4	4	DEL
5	5	DEL
5	5	DEL
5	5	INV
5	5	INV
5	5	INV
5	5	INV
6	1	BND
6	1	BND
6	6	DUP
6	6	DEL
6	7	BND
6	4	BND
6	X	BND
6	X	BND
7	7	DUP
7	22	BND
7	3	BND
7	6	BND
7	X	BND
7	7	INV
7	7	INV
7	7	DEL
7	7	INV
7	7	INV
7	7	DEL
7	16	BND
7	7	DEL
7	7	INV
7	7	INV
7	7	INV
8	1	BND
8	1	BND
8	8	DEL
8	8	INV
8	8	INV
8	13	BND
9	X	BND
9	9	DEL
10	15	BND
10	10	INV
10	2	BND
10	10	DEL
10	11	BND
11	11	DEL
11	10	BND
12	12	DEL
12	12	DEL
12	2	BND
12	13	BND
13	8	BND
13	13	INV
13	13	INV
13	13	INV
13	13	INV
13	12	BND
15	10	BND
15	X	BND
15	1	BND
15	15	INV
16	X	BND
16	X	BND
16	16	INV
16	16	INV
16	7	BND
16	16	DEL
16	16	DEL
16	16	DEL
16	16	DEL
16	16	DEL
16	17	BND
17	16	BND
18	4	BND
18	4	BND
18	18	DEL
19	19	DEL
19	19	DUP
20	20	DUP
20	20	INV
22	7	BND
22	22	DEL
X	15	BND
X	X	DUP
X	2	BND
X	7	BND
X	3	BND
X	X	DEL
X	2	BND
X	16	BND
X	16	BND
X	9	BND
X	6	BND
X	6	BND
X	X	INV
GL000226.1	GL000226.1	DUP
GL000224.1	GL000224.1	DEL
GL000212.1	GL000212.1	DEL
